,row m/z,row retention time
6423,140.068461249856,5.6552475490196
7357,339.178233555385,4.60887619047619
11216,295.226666537198,4.57399090909091
12323,253.118527221679,2.67622499999999
